unixtime,track name,artist name
1141629479,Lovely Rita,The Beatles
1141635185,Nowhere Man,The Beatles
1141688136,Sgt. Pepper's Lonely Hearts ..,The Beatles
1141711652,You Won't See Me,The Beatles
1141791958,Norwegian Wood (This Bird Has Flown),The Beatles
1142069879,Help!,The Beatles
1142079651,Come Together,The Beatles
1142225404,Her Majesty,The Beatles
1142228134,Honey Pie,The Beatles
1142245753,Getting Better,The Beatles
1142571562,Two of Us,The Beatles
1142922766,All My Loving,The Beatles
1142938088,Because,The Beatles
1142988650,Carry That Weight,The Beatles
1143001436,The End,The Beatles
1143008488,Birthday,The Beatles
1143022438,Birthday,The Beatles
1143040366,Your Mother Should Know,The Beatles
1143082747,Ticket to Ride,The Beatles
1143178482,"Here, There and Everywhere",The Beatles
1143437037,The Word,The Beatles
1143446922,Wait,The Beatles
1143464514,Good Day Sunshine,The Beatles
1143492229,Hello Goodbye,The Beatles
1143779498,Dig a Pony,The Beatles
1152587935,Oh! Darling,The Beatles
1153124060,Paperback Writer,The Beatles
1153129632,One After 909,The Beatles
1154327707,We Can Work It Out,The Beatles
1154391067,We Can Work It Out,The Beatles
1154861014,Nowhere Man,The Beatles
1154906940,We Can Work It Out,The Beatles
1154936789,I Want You,The Beatles
1155000038,The Ballad of John and Yoko,The Beatles
1155012575,Maxwell's Silver Hammer,The Beatles
1156157497,Yer Blues,The Beatles
1156234120,Taxman,The Beatles
1168763633,Yellow Submarine,The Beatles
1168909842,For No One,The Beatles
1168937363,Your Mother Should Know,The Beatles
1169557287,Helter Skelter,The Beatles
1172482272,Piggies,The Beatles
1172491710,Get Back,The Beatles
1172543241,Julia,The Beatles
1172562957,Girl,The Beatles
1172619907,Piggies,The Beatles
1172637762,One After 909,The Beatles
1173143572,All You Need Is Love,The Beatles
1173155115,Get Back,The Beatles
1173501975,One After 909,The Beatles
1173687132,One After 909,The Beatles
1223028324,Eleanor Rigby (Soulwax remix),The Beatles
1237527535,Come Together,The Beatles
1237527796,Something,The Beatles
1237527979,Maxwell's Silver Hammer,The Beatles
1237528186,Oh! Darling,The Beatles
1237528393,Octopus's Garden,The Beatles
1237528564,I Want You (She's So Heavy),The Beatles
1237529031,Here Comes the Sun,The Beatles
1237529216,Because,The Beatles
1237529382,You Never Give Me Your Money,The Beatles
1237529626,Sun King,The Beatles
1237529895,Sun King,The Beatles
1237530041,Mean Mr. Mustard,The Beatles
1237530107,Polythene Pam,The Beatles
1237530179,She Came in Through the Bathroom Window,The Beatles
1237530296,Golden Slumbers,The Beatles
1237530387,Carry That Weight,The Beatles
1237530483,The End,The Beatles
1237855497,Come Together,The Beatles
1237855757,Something,The Beatles
1237855940,Maxwell's Silver Hammer,The Beatles
1237856147,Oh! Darling,The Beatles
1237856353,Octopus's Garden,The Beatles
1237856638,I Want You (She's So Heavy),The Beatles
1237857262,Here Comes the Sun,The Beatles
1237857448,Because,The Beatles
1237857613,You Never Give Me Your Money,The Beatles
1237857855,Sun King,The Beatles
1237858000,Mean Mr. Mustard,The Beatles
1237858066,Polythene Pam,The Beatles
1237858138,She Came in Through the Bathroom Window,The Beatles
1237858255,Golden Slumbers,The Beatles
1237858346,Carry That Weight,The Beatles
1237858442,The End,The Beatles
1237940440,I Want You (She's So Heavy),The Beatles
1237940907,Here Comes the Sun,The Beatles
1237941092,Because,The Beatles
1237941257,You Never Give Me Your Money,The Beatles
1237941499,Sun King,The Beatles
1237941646,Mean Mr. Mustard,The Beatles
1237941712,Polythene Pam,The Beatles
1237941784,She Came in Through the Bathroom Window,The Beatles
1237941901,Golden Slumbers,The Beatles
1237941992,Carry That Weight,The Beatles
1237942088,The End,The Beatles
1238031940,Come Together,The Beatles
1238032200,Something,The Beatles
1238032608,Maxwell's Silver Hammer,The Beatles
1238032815,Oh! Darling,The Beatles
1238033022,Octopus's Garden,The Beatles
1238033193,I Want You (She's So Heavy),The Beatles
1238033770,Here Comes the Sun,The Beatles
1238033965,Because,The Beatles
1238034139,You Never Give Me Your Money,The Beatles
1238041587,Sun King,The Beatles
1238041732,Mean Mr. Mustard,The Beatles
1238041798,Polythene Pam,The Beatles
1238041870,She Came in Through the Bathroom Window,The Beatles
1238041987,Golden Slumbers,The Beatles
1238042078,Carry That Weight,The Beatles
1238042174,The End,The Beatles
1240388466,Come Together,The Beatles
1240388726,Something,The Beatles
1240388909,Maxwell's Silver Hammer,The Beatles
1240389115,Oh! Darling,The Beatles
1240389321,Octopus's Garden,The Beatles
1240389491,I Want You (She's So Heavy),The Beatles
1240389958,Here Comes the Sun,The Beatles
1240390143,Because,The Beatles
1243914441,Come Together,The Beatles
1245028828,You Never Give Me Your Money,The Beatles
1245234229,Sun King,The Beatles
1245243227,Maxwell's Silver Hammer,The Beatles
1246248959,Carry That Weight,The Beatles
1246256904,She Came in Through the Bathroom Window,The Beatles
1246845397,Come Together,The Beatles
1246845658,Something,The Beatles
1246845841,Maxwell's Silver Hammer,The Beatles
1246846048,Oh! Darling,The Beatles
1246846255,Octopus's Garden,The Beatles
1246846590,I Want You (She's So Heavy),The Beatles
1246847058,Here Comes the Sun,The Beatles
1246847243,Because,The Beatles
1246847409,You Never Give Me Your Money,The Beatles
1246847652,Sun King,The Beatles
1246847798,Mean Mr. Mustard,The Beatles
1246847864,Polythene Pam,The Beatles
1246847937,She Came in Through the Bathroom Window,The Beatles
1246848054,Golden Slumbers,The Beatles
1246848146,Carry That Weight,The Beatles
1246848243,The End,The Beatles
1246927904,Back in the U.S.S.R.,The Beatles
1246928067,Dear Prudence,The Beatles
1246928303,Glass Onion,The Beatles
1246928441,"Ob-La-Di, Ob-La-Da",The Beatles
1246928630,Wild Honey Pie,The Beatles
1246928691,The Continuing Story of Bungalow Bill,The Beatles
1246928877,While My Guitar Gently Weeps,The Beatles
1246929163,Happiness Is a Warm Gun,The Beatles
1246929326,Martha My Dear,The Beatles
1246929475,I'm So Tired,The Beatles
1246929598,Blackbird,The Beatles
1246929736,Piggies,The Beatles
1246929860,Rocky Raccoon,The Beatles
1246930082,Don't Pass Me By,The Beatles
1246930304,Why Don't We Do It in the Road,The Beatles
1246930405,I Will,The Beatles
1246930511,Julia,The Beatles
1246930686,Birthday,The Beatles
1246930848,Yer Blues,The Beatles
1246931090,Mother Nature's Son,The Beatles
1246931257,Everybody's Got Something to Hide Except Me and My Monkey,The Beatles
1246931402,Sexy Sadie,The Beatles
1246931598,Helter Skelter,The Beatles
1246931868,"Long, Long, Long",The Beatles
1246932052,Revolution 1,The Beatles
1246932307,Honey Pie,The Beatles
1246932469,Savoy Truffle,The Beatles
1246932644,Cry Baby Cry,The Beatles
1246932835,Revolution 9,The Beatles
1246933328,Good Night,The Beatles
1248998239,Back in the U.S.S.R.,The Beatles
1248998402,Dear Prudence,The Beatles
1248998638,Glass Onion,The Beatles
1248998776,"Ob-La-Di, Ob-La-Da",The Beatles
1248998965,Wild Honey Pie,The Beatles
1248999026,The Continuing Story of Bungalow Bill,The Beatles
1248999212,While My Guitar Gently Weeps,The Beatles
1248999497,Happiness Is a Warm Gun,The Beatles
1248999661,Martha My Dear,The Beatles
1248999810,I'm So Tired,The Beatles
1248999933,Blackbird,The Beatles
1249000071,Piggies,The Beatles
1249000195,Rocky Raccoon,The Beatles
1249000417,Don't Pass Me By,The Beatles
1249000639,Why Don't We Do It in the Road,The Beatles
1249000740,I Will,The Beatles
1249000846,Julia,The Beatles
1249001021,Birthday,The Beatles
1249001183,Yer Blues,The Beatles
1249001425,Mother Nature's Son,The Beatles
1249001592,Everybody's Got Something to Hide Except Me and My Monkey,The Beatles
1249001737,Sexy Sadie,The Beatles
1249001933,Helter Skelter,The Beatles
1249002202,"Long, Long, Long",The Beatles
1249002387,Revolution 1,The Beatles
1249002643,Honey Pie,The Beatles
1249002804,Savoy Truffle,The Beatles
1249002979,Cry Baby Cry,The Beatles
1249003170,Revolution 9,The Beatles
1249003663,Good Night,The Beatles
1254189473,Wild Honey Pie,The Beatles
1254202061,Honey Pie,The Beatles
1254354924,Sun King,The Beatles
1255473631,Come Together,The Beatles
1255473881,Something,The Beatles
1255474064,Maxwell's Silver Hammer,The Beatles
1255474271,Oh! Darling,The Beatles
1255474478,Octopus's Garden,The Beatles
1255474652,I Want You (She's So Heavy),The Beatles
1255475119,Here Comes the Sun,The Beatles
1255475322,Because,The Beatles
1255475489,You Never Give Me Your Money,The Beatles
1255475731,Sun King,The Beatles
1255475878,Mean Mr. Mustard,The Beatles
1255476432,Polythene Pam,The Beatles
1255476505,She Came in Through the Bathroom Window,The Beatles
1255476623,Golden Slumbers,The Beatles
1255476714,Carry That Weight,The Beatles
1255476811,The End,The Beatles
1255482775,Come Together,The Beatles
1255484638,Something,The Beatles
1255484822,Maxwell's Silver Hammer,The Beatles
1255485029,Oh! Darling,The Beatles
1255485236,Octopus's Garden,The Beatles
1255485409,I Want You (She's So Heavy),The Beatles
1255485876,Here Comes the Sun,The Beatles
1255486061,Because,The Beatles
1255486227,You Never Give Me Your Money,The Beatles
1255486470,Sun King,The Beatles
1255486616,Mean Mr. Mustard,The Beatles
1255486681,Polythene Pam,The Beatles
1255486754,She Came in Through the Bathroom Window,The Beatles
1255486872,Golden Slumbers,The Beatles
1255486963,Carry That Weight,The Beatles
1255487060,The End,The Beatles
1255675516,"Ob-La-Di, Ob-La-Da",The Beatles
1255677287,Savoy Truffle,The Beatles
1255685506,Good Night,The Beatles
1256790613,Don't Pass Me By,The Beatles
1256884612,Glass Onion,The Beatles
1259107013,Christmas Time Is Here Again (,The Beatles
1259639467,Come Together,The Beatles
1259639727,Something,The Beatles
1259639927,Maxwell's Silver Hammer,The Beatles
1259640151,Oh! Darling,The Beatles
1259640371,Octopus's Garden,The Beatles
1259640585,I Want You (She's So Heavy),The Beatles
1259641141,Here Comes the Sun,The Beatles
1259641340,Because,The Beatles
1259641526,You Never Give Me Your Money,The Beatles
1259641780,Sun King,The Beatles
1259641930,Mean Mr. Mustard,The Beatles
1259642000,Polythene Pam,The Beatles
1259642082,She Came in Through the Bathroom Window,The Beatles
1259642206,Golden Slumbers,The Beatles
1259642623,Carry That Weight,The Beatles
1259642721,The End,The Beatles
1259717217,Come Together,The Beatles
1259717460,Something,The Beatles
1259717643,Maxwell's Silver Hammer,The Beatles
1259717852,Oh! Darling,The Beatles
1259718059,Octopus's Garden,The Beatles
1259718233,I Want You (She's So Heavy),The Beatles
1259718700,Here Comes the Sun,The Beatles
1259718886,Because,The Beatles
1259719052,You Never Give Me Your Money,The Beatles
1259719294,Sun King,The Beatles
1259719440,Mean Mr. Mustard,The Beatles
1259719506,Polythene Pam,The Beatles
1259719579,She Came in Through the Bathroom Window,The Beatles
1259719697,Golden Slumbers,The Beatles
1259725487,Come Together,The Beatles
1259725745,Something,The Beatles
1259725928,Maxwell's Silver Hammer,The Beatles
1259726136,Oh! Darling,The Beatles
1259726342,Octopus's Garden,The Beatles
1259726513,I Want You (She's So Heavy),The Beatles
1259726980,Here Comes the Sun,The Beatles
1259727165,Because,The Beatles
1259727331,You Never Give Me Your Money,The Beatles
1259727573,Sun King,The Beatles
1259727719,Mean Mr. Mustard,The Beatles
1259727786,Polythene Pam,The Beatles
1259727858,She Came in Through the Bathroom Window,The Beatles
1259727976,Golden Slumbers,The Beatles
1259728067,Carry That Weight,The Beatles
1259728164,The End,The Beatles
1260228850,Back in the U.S.S.R.,The Beatles
1260229051,Dear Prudence,The Beatles
1260229288,Glass Onion,The Beatles
1260229425,"Ob-La-Di, Ob-La-Da",The Beatles
1260229614,Wild Honey Pie,The Beatles
1260229676,The Continuing Story of Bungalow Bill,The Beatles
1260229861,While My Guitar Gently Weeps,The Beatles
1260230147,Happiness Is a Warm Gun,The Beatles
1260230391,Martha My Dear,The Beatles
1260230540,I'm So Tired,The Beatles
1260230663,Blackbird,The Beatles
1260230801,Piggies,The Beatles
1260230926,Rocky Raccoon,The Beatles
1260231147,Don't Pass Me By,The Beatles
1260231497,Why Don't We Do It in the Road,The Beatles
1260231598,I Will,The Beatles
1260231705,Julia,The Beatles
1260231879,Birthday,The Beatles
1260232042,Yer Blues,The Beatles
1260232283,Mother Nature's Son,The Beatles
1260232451,Everybody's Got Something to Hide Except Me and My Monkey,The Beatles
1260232595,Sexy Sadie,The Beatles
1260232791,Helter Skelter,The Beatles
1260233063,"Long, Long, Long",The Beatles
1260233556,"Long, Long, Long",The Beatles
1260234292,Revolution 1,The Beatles
1260234611,Honey Pie,The Beatles
1260234773,Savoy Truffle,The Beatles
1260234947,Cry Baby Cry,The Beatles
1260329851,Back in the U.S.S.R.,The Beatles
1260330008,Dear Prudence,The Beatles
1260330245,Glass Onion,The Beatles
1260331560,"Ob-La-Di, Ob-La-Da",The Beatles
1260332539,Wild Honey Pie,The Beatles
1260332608,The Continuing Story of Bungalow Bill,The Beatles
1260332794,While My Guitar Gently Weeps,The Beatles
1260333184,Happiness Is a Warm Gun,The Beatles
1260333348,Martha My Dear,The Beatles
1260333497,I'm So Tired,The Beatles
1260333620,Blackbird,The Beatles
1260333758,Piggies,The Beatles
1260333882,Rocky Raccoon,The Beatles
1260334103,Don't Pass Me By,The Beatles
1260334416,Why Don't We Do It in the Road,The Beatles
1260334518,I Will,The Beatles
1260334624,Julia,The Beatles
1260334798,Birthday,The Beatles
1260334961,Yer Blues,The Beatles
1260335202,Mother Nature's Son,The Beatles
1260335370,Everybody's Got Something to Hide Except Me and My Monkey,The Beatles
1260335515,Sexy Sadie,The Beatles
1260337362,Helter Skelter,The Beatles
1260337632,"Long, Long, Long",The Beatles
1260337816,Revolution 1,The Beatles
1260340321,Honey Pie,The Beatles
1260340482,Savoy Truffle,The Beatles
1260340657,Cry Baby Cry,The Beatles
1260340848,Revolution 9,The Beatles
1260341486,Good Night,The Beatles
1260403443,Back in the U.S.S.R.,The Beatles
1260403603,Dear Prudence,The Beatles
1260403840,Glass Onion,The Beatles
1260403978,"Ob-La-Di, Ob-La-Da",The Beatles
1260404168,Wild Honey Pie,The Beatles
1260404228,The Continuing Story of Bungalow Bill,The Beatles
1260404414,While My Guitar Gently Weeps,The Beatles
1260404699,Happiness Is a Warm Gun,The Beatles
1260404862,Martha My Dear,The Beatles
1260405011,I'm So Tired,The Beatles
1260405134,Blackbird,The Beatles
1260405272,Piggies,The Beatles
1260405397,Rocky Raccoon,The Beatles
1260405618,Don't Pass Me By,The Beatles
1260405840,Why Don't We Do It in the Road,The Beatles
1260406038,I Will,The Beatles
1260406512,Julia,The Beatles
1260406687,Birthday,The Beatles
1260406850,Yer Blues,The Beatles
1260407091,Mother Nature's Son,The Beatles
1260407259,Everybody's Got Something to Hide Except Me and My Monkey,The Beatles
1260407404,Sexy Sadie,The Beatles
1260407599,Helter Skelter,The Beatles
1260407869,"Long, Long, Long",The Beatles
1260408053,Revolution 1,The Beatles
1260408309,Honey Pie,The Beatles
1260409481,Savoy Truffle,The Beatles
1260409656,Cry Baby Cry,The Beatles
1260409847,Revolution 9,The Beatles
1260410340,Good Night,The Beatles
1262242757,Come Together,The Beatles
1262243017,Something,The Beatles
1262243151,Back in the U.S.S.R.,The Beatles
1262243314,Dear Prudence,The Beatles
1262243551,Glass Onion,The Beatles
1262243688,"Ob-La-Di, Ob-La-Da",The Beatles
1262243877,Wild Honey Pie,The Beatles
1262243939,The Continuing Story of Bungalow Bill,The Beatles
1262244124,While My Guitar Gently Weeps,The Beatles
1262244409,Happiness Is a Warm Gun,The Beatles
1262244575,Martha My Dear,The Beatles
1262244724,I'm So Tired,The Beatles
1262244847,Blackbird,The Beatles
1262244985,Piggies,The Beatles
1262245109,Rocky Raccoon,The Beatles
1262245331,Don't Pass Me By,The Beatles
1262245553,Why Don't We Do It in the Road,The Beatles
1262245654,I Will,The Beatles
1262245760,Julia,The Beatles
1262245935,Birthday,The Beatles
1262246097,Yer Blues,The Beatles
1262246339,Mother Nature's Son,The Beatles
1262246507,Everybody's Got Something to Hide Except Me and My Monkey,The Beatles
1262246651,Sexy Sadie,The Beatles
1262246847,Helter Skelter,The Beatles
1262247116,"Long, Long, Long",The Beatles
1262247301,Revolution 1,The Beatles
1262247577,Savoy Truffle,The Beatles
1262247752,Cry Baby Cry,The Beatles
1267171610,Revolution 9,The Beatles
1267177650,Wild Honey Pie,The Beatles
1267575609,Everybody's Got Something to Hide Except Me and My Monkey,The Beatles
1267595049,Julia,The Beatles
1267595511,Blackbird,The Beatles
1267620456,Happiness Is a Warm Gun,The Beatles
1267746517,Don't Pass Me By,The Beatles
1267755682,Come Together,The Beatles
1269896719,She Came in Through the Bathroom Window,The Beatles
1269896719,She Came in Through the Bathroom Window,The Beatles
1269896719,She Came in Through the Bathroom Window,The Beatles
1269896719,She Came in Through the Bathroom Window,The Beatles
1271043639,Taxman,The Beatles
1271043798,Eleanor Rigby,The Beatles
1271043926,I'm Only Sleeping,The Beatles
1271044107,Love You To,The Beatles
1271044289,"Here, There and Everywhere",The Beatles
1271044435,Yellow Submarine,The Beatles
1271044595,She Said She Said,The Beatles
1271044752,Good Day Sunshine,The Beatles
1271044882,And Your Bird Can Sing,The Beatles
1271045004,For No One,The Beatles
1271045126,Doctor Robert,The Beatles
1271045261,I Want to Tell You,The Beatles
1271045411,Got to Get You Into My Life,The Beatles
1271045562,Tomorrow Never Knows,The Beatles
1271045862,Taxman,The Beatles
1271046021,Eleanor Rigby,The Beatles
1271046149,I'm Only Sleeping,The Beatles
1271046331,Love You To,The Beatles
1271046512,"Here, There and Everywhere",The Beatles
1271046658,Yellow Submarine,The Beatles
1271046818,She Said She Said,The Beatles
1271046976,Good Day Sunshine,The Beatles
1271047106,And Your Bird Can Sing,The Beatles
1271047227,For No One,The Beatles
1271047349,Doctor Robert,The Beatles
1271047484,I Want to Tell You,The Beatles
1271047634,Got to Get You Into My Life,The Beatles
1271047785,Tomorrow Never Knows,The Beatles
1271903984,Come Together,The Beatles Tribute Project
1271999605,Back in the U.S.S.R.,The Beatles
1271999769,Blackbird,The Beatles
1271999928,Dear Prudence,The Beatles
1272000164,Glass Onion,The Beatles
1272000302,"Ob-La-Di, Ob-La-Da",The Beatles
1272000491,Wild Honey Pie,The Beatles
1272000544,The Continuing Story of Bungalow Bill,The Beatles
1272000738,While My Guitar Gently Weeps,The Beatles
1272001023,Happiness Is a Warm Gun,The Beatles
1272001187,Martha My Dear,The Beatles
1272001336,I'm So Tired,The Beatles
1272001460,Blackbird,The Beatles
1272001598,Piggies,The Beatles
1272001722,Rocky Raccoon,The Beatles
1272001935,Don't Pass Me By,The Beatles
1272002166,Why Don't We Do It in the Road?,The Beatles
1272002267,I Will,The Beatles
1272002373,Julia,The Beatles
1272007390,Birthday,The Beatles
1272007553,Yer Blues,The Beatles
1272007794,Mother Nature's Son,The Beatles
1272007961,Everybody's Got Something to Hide Except Me and My Monkey,The Beatles
1272008106,Sexy Sadie,The Beatles
1272008301,Helter Skelter,The Beatles
1272008571,"Long, Long, Long",The Beatles
1272008758,Revolution 1,The Beatles
1272513187,Yellow Submarine,The Beatles
1272513330,Only a Northern Song,The Beatles
1272513535,All Together Now,The Beatles
1272513666,Hey Bulldog,The Beatles
1272513857,It's All Too Much,The Beatles
1272514242,All You Need Is Love,The Beatles
1272514473,Pepperland,The Beatles
1272514614,Sea of Time,The Beatles
1272514794,Sea of Holes,The Beatles
1272514931,Sea of Monsters,The Beatles
1272515147,March of the Meanies,The Beatles
1272515287,Pepperland Laid Waste,The Beatles
1272515419,Yellow Submarine in Pepperland,The Beatles
1272516376,A Hard Day's Night,The Beatles
1272516529,I Should Have Known Better,The Beatles
1272516692,If I Fell,The Beatles
1272516832,I'm Happy Just to Dance with You,The Beatles
1272516948,And I Love Her,The Beatles
1272517098,Tell Me Why,The Beatles
1272517227,Can't Buy Me Love,The Beatles
1272517359,Any Time at All,The Beatles
1272517490,I'll Cry Instead,The Beatles
1272517596,Things We Said Today,The Beatles
1272517752,When I Get Home,The Beatles
1272517887,You Can't Do That,The Beatles
1272518042,I'll Be Back,The Beatles
1272518372,Help!,The Beatles
1272518510,The Night Before,The Beatles
1272518666,You've Got to Hide Your Love Away,The Beatles
1272518795,I Need You,The Beatles
1272518944,Another Girl,The Beatles
1272519068,You're Going to Lose That Girl,The Beatles
1272519207,Ticket to Ride,The Beatles
1272519397,Act Naturally,The Beatles
1272519547,It's Only Love,The Beatles
1272519663,You Like Me Too Much,The Beatles
1272519820,Tell Me What You See,The Beatles
1272519978,I've Just Seen a Face,The Beatles
1272520104,Yesterday,The Beatles
1272520229,Dizzy Miss Lizzy,The Beatles
1272520741,Sgt Peppers Lonely Hearts Club Band,The Beatles
1272520864,With a Little Help from My Friends,The Beatles
1272521029,Lucy in the Sky with Diamonds,The Beatles
1272521236,Getting Better,The Beatles
1272521405,Fixing a Hole,The Beatles
1272521561,She's Leaving Home,The Beatles
1272521776,Being for the Benefit of Mr. Kite!,The Beatles
1272521933,Within You Without You,The Beatles
1272522239,When I'm Sixty-Four,The Beatles
1272522396,Lovely Rita,The Beatles
1272522558,Good Morning Good Morning,The Beatles
1272522719,Sgt Peppers..(Reprise),The Beatles
1272522799,A Day in the Life,The Beatles
1272523136,Yellow Submarine,The Beatles
1272523295,Only a Northern Song,The Beatles
1272523500,All Together Now,The Beatles
1272523631,Hey Bulldog,The Beatles
1272523822,It's All Too Much,The Beatles
1272524207,All You Need Is Love,The Beatles
1272524438,Pepperland,The Beatles
1272524579,Sea of Time,The Beatles
1272524759,Sea of Holes,The Beatles
1272524935,Magical Mystery Tour,The Beatles
1272525103,I Am the Walrus,The Beatles
1272525379,The Fool on the Hill,The Beatles
1272525558,Flying,The Beatles
1272525693,Blue Jay Way,The Beatles
1272525929,Your Mother Should Know,The Beatles
1272526077,Hello Goodbye,The Beatles
1272526286,Strawberry Fields Forever,The Beatles
1272526533,Penny Lane,The Beatles
1272526715,Baby You're a Rich Man,The Beatles
1272526895,All You Need Is Love,The Beatles
1272527125,Sgt Peppers Lonely Hearts Club Band,The Beatles
1272527248,With a Little Help from My Friends,The Beatles
1272527412,Lucy in the Sky with Diamonds,The Beatles
1272527621,Getting Better,The Beatles
1272527789,Fixing a Hole,The Beatles
1272527946,She's Leaving Home,The Beatles
1272528161,Being for the Benefit of Mr. Kite!,The Beatles
1272528424,When I'm Sixty-Four,The Beatles
1272528588,Good Morning Good Morning,The Beatles
1272528748,Sgt Peppers..(Reprise),The Beatles
1272528828,A Day in the Life,The Beatles
1272529165,Yellow Submarine,The Beatles
1272529324,Only a Northern Song,The Beatles
1272529528,All Together Now,The Beatles
1272529659,Hey Bulldog,The Beatles
1272529851,It's All Too Much,The Beatles
1272614475,Back in the U.S.S.R.,The Beatles
1272614633,Dear Prudence,The Beatles
1272614869,Glass Onion,The Beatles
1272615007,"Ob-La-Di, Ob-La-Da",The Beatles
1272615195,Wild Honey Pie,The Beatles
1272615248,The Continuing Story of Bungalow Bill,The Beatles
1272615443,While My Guitar Gently Weeps,The Beatles
1272615728,Happiness Is a Warm Gun,The Beatles
1272615892,Martha My Dear,The Beatles
1272616040,I'm So Tired,The Beatles
1272616164,Blackbird,The Beatles
1272616302,Piggies,The Beatles
1272616427,Rocky Raccoon,The Beatles
1273653381,Back in the U.S.S.R.,The Beatles
1273653544,Dear Prudence,The Beatles
1273653780,Glass Onion,The Beatles
1273653918,"Ob-La-Di, Ob-La-Da",The Beatles
1273654107,Wild Honey Pie,The Beatles
1273654160,The Continuing Story of Bungalow Bill,The Beatles
1273654354,While My Guitar Gently Weeps,The Beatles
1273654639,Happiness Is a Warm Gun,The Beatles
1273654803,Martha My Dear,The Beatles
1273654952,I'm So Tired,The Beatles
1273655075,Blackbird,The Beatles
1273655213,Piggies,The Beatles
1273655338,Rocky Raccoon,The Beatles
1273655551,Don't Pass Me By,The Beatles
1273655781,Why Don't We Do It in the Road?,The Beatles
1273655882,I Will,The Beatles
1273655988,Julia,The Beatles
1273656165,Birthday,The Beatles
1273656328,Yer Blues,The Beatles
1273656569,Mother Nature's Son,The Beatles
1273656736,Everybody's Got Something to Hide Except Me and My Monkey,The Beatles
1273656881,Sexy Sadie,The Beatles
1273657076,Helter Skelter,The Beatles
1273657346,"Long, Long, Long",The Beatles
1273657532,Revolution 1,The Beatles
1273657788,Savoy Truffle,The Beatles
1273657962,Cry Baby Cry,The Beatles
1273658145,Revolution 9,The Beatles
1273658646,Good Night,The Beatles
1273668833,Back in the U.S.S.R.,The Beatles
1273668997,Dear Prudence,The Beatles
1273669232,Glass Onion,The Beatles
1273669370,"Ob-La-Di, Ob-La-Da",The Beatles
1273669560,Wild Honey Pie,The Beatles
1273669612,The Continuing Story of Bungalow Bill,The Beatles
1273669806,While My Guitar Gently Weeps,The Beatles
1273670090,Happiness Is a Warm Gun,The Beatles
1273670255,Martha My Dear,The Beatles
1273670403,I'm So Tired,The Beatles
1273670527,Blackbird,The Beatles
1273670665,Piggies,The Beatles
1273670790,Rocky Raccoon,The Beatles
1273671003,Don't Pass Me By,The Beatles
1273671233,Why Don't We Do It in the Road?,The Beatles
1273671334,I Will,The Beatles
1273671440,Julia,The Beatles
1273671617,Birthday,The Beatles
1273671780,Yer Blues,The Beatles
1273672020,Mother Nature's Son,The Beatles
1273672188,Everybody's Got Something to Hide Except Me and My Monkey,The Beatles
1273672333,Sexy Sadie,The Beatles
1273672528,Helter Skelter,The Beatles
1273672798,"Long, Long, Long",The Beatles
1273672984,Revolution 1,The Beatles
1273673240,Savoy Truffle,The Beatles
1273673414,Cry Baby Cry,The Beatles
1275103571,Help!,The Beatles
1275103711,The Night Before,The Beatles
1275103866,You've Got to Hide Your Love Away,The Beatles
1275103994,I Need You,The Beatles
1275104144,Another Girl,The Beatles
1275104269,You're Going to Lose That Girl,The Beatles
1275104408,Ticket to Ride,The Beatles
1275104597,Act Naturally,The Beatles
1275104747,It's Only Love,The Beatles
1275104864,You Like Me Too Much,The Beatles
1275105021,Tell Me What You See,The Beatles
1275109886,I've Just Seen a Face,The Beatles
1275110012,Yesterday,The Beatles
1275110137,Dizzy Miss Lizzy,The Beatles
1275110313,Magical Mystery Tour,The Beatles
1275110483,I Am the Walrus,The Beatles
1275110759,The Fool on the Hill,The Beatles
1275110938,Flying,The Beatles
1275111074,Blue Jay Way,The Beatles
1275111309,Your Mother Should Know,The Beatles
1275111457,Hello Goodbye,The Beatles
1275111666,Strawberry Fields Forever,The Beatles
1275111913,Penny Lane,The Beatles
1275112094,Baby You're a Rich Man,The Beatles
1275112275,All You Need Is Love,The Beatles
1275112506,Sgt Peppers Lonely Hearts Club Band,The Beatles
1275112628,With a Little Help from My Friends,The Beatles
1275112792,Lucy in the Sky with Diamonds,The Beatles
1275113001,Getting Better,The Beatles
1275113169,Fixing a Hole,The Beatles
1275113326,She's Leaving Home,The Beatles
1275113541,Being for the Benefit of Mr. Kite!,The Beatles
1275113698,Within You Without You,The Beatles
1275114003,When I'm Sixty-Four,The Beatles
1275114161,Lovely Rita,The Beatles
1275114323,Good Morning Good Morning,The Beatles
1275114484,Sgt Peppers..(Reprise),The Beatles
1275114563,A Day in the Life,The Beatles
1275114901,Yellow Submarine,The Beatles
1275115060,Only a Northern Song,The Beatles
1275115265,All Together Now,The Beatles
1275115395,Hey Bulldog,The Beatles
1275115587,It's All Too Much,The Beatles
1275115972,All You Need Is Love,The Beatles
1275116203,Pepperland,The Beatles
1275116344,Sea of Time,The Beatles
1275116524,Sea of Holes,The Beatles
1275116660,Sea of Monsters,The Beatles
1275116877,March of the Meanies,The Beatles
1275117016,Pepperland Laid Waste,The Beatles
1275117149,Yellow Submarine in Pepperland,The Beatles
1275117474,Back in the U.S.S.R.,The Beatles
1275117638,Dear Prudence,The Beatles
1275117874,Glass Onion,The Beatles
1275118011,"Ob-La-Di, Ob-La-Da",The Beatles
1275118201,Wild Honey Pie,The Beatles
1275118253,The Continuing Story of Bungalow Bill,The Beatles
1275118447,While My Guitar Gently Weeps,The Beatles
1275118732,Happiness Is a Warm Gun,The Beatles
1275118897,Martha My Dear,The Beatles
1275119045,I'm So Tired,The Beatles
1275119169,Blackbird,The Beatles
1275119307,Piggies,The Beatles
1275119431,Rocky Raccoon,The Beatles
1275119644,Don't Pass Me By,The Beatles
1275119875,Why Don't We Do It in the Road?,The Beatles
1275119976,I Will,The Beatles
1275120082,Julia,The Beatles
1275120259,Birthday,The Beatles
1275120422,Yer Blues,The Beatles
1275120662,Mother Nature's Son,The Beatles
1275120830,Everybody's Got Something to Hide Except Me and My Monkey,The Beatles
1275120975,Sexy Sadie,The Beatles
1275121170,Helter Skelter,The Beatles
1275121440,"Long, Long, Long",The Beatles
1275121626,Revolution 1,The Beatles
1275121882,Savoy Truffle,The Beatles
1275122056,Cry Baby Cry,The Beatles
1275122238,Revolution 9,The Beatles
1275122740,Good Night,The Beatles
1275122934,A Hard Day's Night,The Beatles
1275123088,I Should Have Known Better,The Beatles
1276047106,Back in the U.S.S.R.,The Beatles
1276047270,Dear Prudence,The Beatles
1276047505,Glass Onion,The Beatles
1276047643,"Ob-La-Di, Ob-La-Da",The Beatles
1276047832,Wild Honey Pie,The Beatles
1276047885,The Continuing Story of Bungalow Bill,The Beatles
1276048079,While My Guitar Gently Weeps,The Beatles
1276048364,Happiness Is a Warm Gun,The Beatles
1276048528,Martha My Dear,The Beatles
1276048677,I'm So Tired,The Beatles
1276048801,Blackbird,The Beatles
1276048939,Piggies,The Beatles
1276049063,Rocky Raccoon,The Beatles
1276049276,Don't Pass Me By,The Beatles
1276049507,Why Don't We Do It in the Road?,The Beatles
1276049608,I Will,The Beatles
1276049714,Julia,The Beatles
1276049890,Birthday,The Beatles
1276050053,Yer Blues,The Beatles
1276050294,Mother Nature's Son,The Beatles
1276050462,Everybody's Got Something to Hide Except Me and My Monkey,The Beatles
1276050607,Sexy Sadie,The Beatles
1276050802,Helter Skelter,The Beatles
1276051072,"Long, Long, Long",The Beatles
1276051258,Revolution 1,The Beatles
1276051513,Savoy Truffle,The Beatles
1276051688,Cry Baby Cry,The Beatles
1276051870,Revolution 9,The Beatles
1276052372,Good Night,The Beatles
1277102824,Back in the U.S.S.R.,The Beatles
1277102987,Dear Prudence,The Beatles
1277103223,Glass Onion,The Beatles
1277103361,"Ob-La-Di, Ob-La-Da",The Beatles
1277103549,Wild Honey Pie,The Beatles
1277103603,The Continuing Story of Bungalow Bill,The Beatles
1277103797,While My Guitar Gently Weeps,The Beatles
1277104082,Happiness Is a Warm Gun,The Beatles
1277104246,Martha My Dear,The Beatles
1277104395,I'm So Tired,The Beatles
1277104518,Blackbird,The Beatles
1277104656,Piggies,The Beatles
1277104782,Rocky Raccoon,The Beatles
1277104995,Don't Pass Me By,The Beatles
1277105225,Why Don't We Do It in the Road?,The Beatles
1277105325,I Will,The Beatles
1277105431,Julia,The Beatles
1277105608,Birthday,The Beatles
1277105771,Yer Blues,The Beatles
1277468158,Yellow Submarine,The Beatles
1277468318,Only a Northern Song,The Beatles
1277468523,All Together Now,The Beatles
1277468653,Hey Bulldog,The Beatles
1277468845,It's All Too Much,The Beatles
1277469230,All You Need Is Love,The Beatles
1277469461,Pepperland,The Beatles
1277469602,Sea of Time,The Beatles
1277469782,Sea of Holes,The Beatles
1280377001,Back in the U.S.S.R.,The Beatles
1280377165,Dear Prudence,The Beatles
1280377400,Glass Onion,The Beatles
1280377538,"Ob-La-Di, Ob-La-Da",The Beatles
1280377727,Wild Honey Pie,The Beatles
1280377780,The Continuing Story of Bungalow Bill,The Beatles
1280377975,While My Guitar Gently Weeps,The Beatles
1280378259,Happiness Is a Warm Gun,The Beatles
1280378424,Martha My Dear,The Beatles
1280378572,I'm So Tired,The Beatles
1280378696,Blackbird,The Beatles
1280378834,Piggies,The Beatles
1280378958,Rocky Raccoon,The Beatles
1280379171,Don't Pass Me By,The Beatles
1280379402,Why Don't We Do It in the Road?,The Beatles
1280379503,I Will,The Beatles
1280379609,Julia,The Beatles
1280379785,Birthday,The Beatles
1280379948,Yer Blues,The Beatles
1280380189,Mother Nature's Son,The Beatles
1280380357,Everybody's Got Something to Hide Except Me and My Monkey,The Beatles
1280380502,Sexy Sadie,The Beatles
1280380697,Helter Skelter,The Beatles
1280380967,"Long, Long, Long",The Beatles
1280381153,Revolution 1,The Beatles
1280381409,Savoy Truffle,The Beatles
1280381583,Cry Baby Cry,The Beatles
1280381765,Revolution 9,The Beatles
1280382162,Good Night,The Beatles
1280382356,A Hard Day's Night,The Beatles
1280382510,I Should Have Known Better,The Beatles
1280382673,If I Fell,The Beatles
1280382813,I'm Happy Just to Dance with You,The Beatles
1280382929,And I Love Her,The Beatles
1280383079,Tell Me Why,The Beatles
1280383208,Can't Buy Me Love,The Beatles
1280383340,Any Time at All,The Beatles
1280383471,I'll Cry Instead,The Beatles
1280383576,Things We Said Today,The Beatles
1280383732,When I Get Home,The Beatles
1280383869,You Can't Do That,The Beatles
1280384023,I'll Be Back,The Beatles
1280384168,Help!,The Beatles
1280384307,The Night Before,The Beatles
1280384462,You've Got to Hide Your Love Away,The Beatles
1280384591,I Need You,The Beatles
1280384740,Another Girl,The Beatles
1280384865,You're Going to Lose That Girl,The Beatles
1280385004,Ticket to Ride,The Beatles
1280385194,Act Naturally,The Beatles
1280385344,It's Only Love,The Beatles
1280385460,You Like Me Too Much,The Beatles
1280385617,Tell Me What You See,The Beatles
1280385775,I've Just Seen a Face,The Beatles
1280385900,Yesterday,The Beatles
1280386026,Dizzy Miss Lizzy,The Beatles
1280386202,Magical Mystery Tour,The Beatles
1280386372,The Fool on the Hill,The Beatles
1280386551,Flying,The Beatles
1280386687,Blue Jay Way,The Beatles
1280386922,Your Mother Should Know,The Beatles
1282092715,Happiness Is a Warm Gun,The Beatles
1282092810,Martha My Dear,The Beatles
1282092959,I'm So Tired,The Beatles
1282093082,Blackbird,The Beatles
1282093221,Piggies,The Beatles
1282093345,Rocky Raccoon,The Beatles
1282093558,Don't Pass Me By,The Beatles
1282093788,Why Don't We Do It in the Road?,The Beatles
1282093889,I Will,The Beatles
1282093995,Julia,The Beatles
1282094172,Birthday,The Beatles
1282094335,Yer Blues,The Beatles
1282094575,Mother Nature's Son,The Beatles
1282094743,Everybody's Got Something to Hide Except Me and My Monkey,The Beatles
1282094888,Sexy Sadie,The Beatles
1282095083,Helter Skelter,The Beatles
1282095353,"Long, Long, Long",The Beatles
1282095540,Revolution 1,The Beatles
1282095795,Savoy Truffle,The Beatles
1282095970,Cry Baby Cry,The Beatles
1282096152,Revolution 9,The Beatles
1282096654,Good Night,The Beatles
1282453240,Back in the U.S.S.R.,The Beatles
1282453403,Dear Prudence,The Beatles
1282453640,Glass Onion,The Beatles
1282453779,"Ob-La-Di, Ob-La-Da",The Beatles
1282453967,Wild Honey Pie,The Beatles
1282454027,The Continuing Story of Bungalow Bill,The Beatles
1282454213,While My Guitar Gently Weeps,The Beatles
1282454499,Happiness Is a Warm Gun,The Beatles
1282464392,Martha My Dear,The Beatles
1282464541,I'm So Tired,The Beatles
1282464672,Blackbird,The Beatles
1282775043,Glass Onion,The Beatles
1282784833,Flying,The Beatles
1283313419,Yesterday,The Beatles
1283316685,Hey Bulldog,The Beatles
1284796591,When I'm Sixty-Four,The Beatles
1284796753,Lovely Rita,The Beatles
1284796914,Good Morning Good Morning,The Beatles
1286437144,Martha My Dear,The Beatles
1286488673,Carry That Weight,The Beatles
1287106269,Cry Baby Cry,The Beatles
1287107967,When I'm Sixty-Four,The Beatles
1287113413,Revolution 1,The Beatles
1287113579,Fixing a Hole,The Beatles
1287113579,Fixing a Hole,The Beatles
1289386383,Sgt Peppers Lonely Hearts Club Band,The Beatles
1289386506,With a Little Help from My Friends,The Beatles
1289386670,Lucy in the Sky with Diamonds,The Beatles
1289386879,Getting Better,The Beatles
1289387047,Fixing a Hole,The Beatles
1289387204,She's Leaving Home,The Beatles
1289387419,Being for the Benefit of Mr. Kite!,The Beatles
1289387576,Within You Without You,The Beatles
1289387881,When I'm Sixty-Four,The Beatles
1290858985,Come Together,The Beatles
1290858985,Come Together,The Beatles
1290858985,Come Together,The Beatles
1290858985,Come Together,The Beatles
1290859168,Something,The Beatles
1290859168,Something,The Beatles
1290859168,Something,The Beatles
1290859168,Something,The Beatles
1290859375,Maxwell's Silver Hammer,The Beatles
1290859375,Maxwell's Silver Hammer,The Beatles
1290859375,Maxwell's Silver Hammer,The Beatles
1290859582,Oh! Darling,The Beatles
1290859582,Oh! Darling,The Beatles
1290859582,Oh! Darling,The Beatles
1290859582,Oh! Darling,The Beatles
1290859753,Octopus's Garden,The Beatles
1290859753,Octopus's Garden,The Beatles
1290859753,Octopus's Garden,The Beatles
1290860220,I Want You (She's So Heavy),The Beatles
1290860405,Here Comes the Sun,The Beatles
1290860405,Here Comes the Sun,The Beatles
1290860571,Because,The Beatles
1290860571,Because,The Beatles
1290860813,You Never Give Me Your Money,The Beatles
1290860813,You Never Give Me Your Money,The Beatles
1290860959,Sun King,The Beatles
1290860959,Sun King,The Beatles
1290861026,Mean Mr. Mustard,The Beatles
1290861026,Mean Mr. Mustard,The Beatles
1290861098,Polythene Pam,The Beatles
1290861098,Polythene Pam,The Beatles
1290861216,She Came in Through the Bathroom Window,The Beatles
1290861216,She Came in Through the Bathroom Window,The Beatles
1290861307,Golden Slumbers,The Beatles
1290861307,Golden Slumbers,The Beatles
1290861307,Golden Slumbers,The Beatles
1290861404,Carry That Weight,The Beatles
1290861404,Carry That Weight,The Beatles
1290861544,The End,The Beatles
1290861544,The End,The Beatles
1292416215,If I Fell,The Beatles
1292418015,Within You Without You,The Beatles
1292426766,Baby You're a Rich Man,The Beatles
1292547587,I Want You (She's So Heavy),The Beatles
1292548327,Sun King,The Beatles
1292548393,Mean Mr. Mustard,The Beatles
1292548465,Polythene Pam,The Beatles
1292548583,She Came in Through the Bathroom Window,The Beatles
1292548674,Golden Slumbers,The Beatles
1292548771,Carry That Weight,The Beatles
1292548911,The End,The Beatles
1292573895,Come Together,The Beatles
1292573895,Come Together,The Beatles
1292574078,Something,The Beatles
1292574078,Something,The Beatles
1292574285,Maxwell's Silver Hammer,The Beatles
1292574285,Maxwell's Silver Hammer,The Beatles
1292574492,Oh! Darling,The Beatles
1292574492,Oh! Darling,The Beatles
1292574663,Octopus's Garden,The Beatles
1292574663,Octopus's Garden,The Beatles
1292574853,Here Comes the Sun,The Beatles
1292574853,Here Comes the Sun,The Beatles
1292575019,Because,The Beatles
1292575019,Because,The Beatles
1292575261,You Never Give Me Your Money,The Beatles
1292575261,You Never Give Me Your Money,The Beatles
1294559296,Hello Goodbye,The Beatles
1294700160,Blue Jay Way,The Beatles
1294730082,Magical Mystery Tour,The Beatles
1294730082,Magical Mystery Tour,The Beatles
1294730082,Magical Mystery Tour,The Beatles
1294730313,All You Need Is Love,The Beatles
1294730313,All You Need Is Love,The Beatles
1294730313,All You Need Is Love,The Beatles
1294730461,Your Mother Should Know,The Beatles
1294730461,Your Mother Should Know,The Beatles
1294730461,Your Mother Should Know,The Beatles
1294730908,The Fool on the Hill,The Beatles
1294730908,The Fool on the Hill,The Beatles
1294730908,The Fool on the Hill,The Beatles
1294739209,Hello Goodbye,The Beatles
1294739417,Hello Goodbye,The Beatles
1294739417,Hello Goodbye,The Beatles
1294739417,Hello Goodbye,The Beatles
1294784306,Strawberry Fields Forever,The Beatles
1294784306,Strawberry Fields Forever,The Beatles
1294784306,Strawberry Fields Forever,The Beatles
1294784582,I Am the Walrus,The Beatles
1294784582,I Am the Walrus,The Beatles
1294784582,I Am the Walrus,The Beatles
1294784763,Penny Lane,The Beatles
1294784763,Penny Lane,The Beatles
1294784763,Penny Lane,The Beatles
1294784898,Flying,The Beatles
1294784898,Flying,The Beatles
1294784898,Flying,The Beatles
1294785080,Baby You're a Rich Man,The Beatles
1294785080,Baby You're a Rich Man,The Beatles
1294785080,Baby You're a Rich Man,The Beatles
1294785407,Sgt Peppers Lonely Hearts Club Band,The Beatles
1294785625,With a Little Help from My Friends,The Beatles
1294785833,Lucy in the Sky with Diamonds,The Beatles
1294786001,Getting Better,The Beatles
1294786158,Fixing a Hole,The Beatles
1294815603,Revolution 9,The Beatles
1294991926,Within You Without You,The Beatles
1294991926,Within You Without You,The Beatles
1294991926,Within You Without You,The Beatles
1294992834,When I'm Sixty-Four,The Beatles
1294992834,When I'm Sixty-Four,The Beatles
1294992834,When I'm Sixty-Four,The Beatles
1294992996,Lovely Rita,The Beatles
1294992996,Lovely Rita,The Beatles
1294992996,Lovely Rita,The Beatles
1294993157,Good Morning Good Morning,The Beatles
1294993157,Good Morning Good Morning,The Beatles
1294993157,Good Morning Good Morning,The Beatles
1294993236,Sgt Peppers..(Reprise),The Beatles
1294993236,Sgt Peppers..(Reprise),The Beatles
1294993236,Sgt Peppers..(Reprise),The Beatles
1294993574,A Day in the Life,The Beatles
1294993574,A Day in the Life,The Beatles
1294993574,A Day in the Life,The Beatles
1294993697,Sgt Peppers Lonely Hearts Club Band,The Beatles
1294993697,Sgt Peppers Lonely Hearts Club Band,The Beatles
1294993697,Sgt Peppers Lonely Hearts Club Band,The Beatles
1294993697,Sgt Peppers Lonely Hearts Club Band,The Beatles
1294993861,With a Little Help from My Friends,The Beatles
1294993861,With a Little Help from My Friends,The Beatles
1294993861,With a Little Help from My Friends,The Beatles
1294993861,With a Little Help from My Friends,The Beatles
1294994069,Lucy in the Sky with Diamonds,The Beatles
1294994069,Lucy in the Sky with Diamonds,The Beatles
1294994069,Lucy in the Sky with Diamonds,The Beatles
1294994069,Lucy in the Sky with Diamonds,The Beatles
1294994238,Getting Better,The Beatles
1294994238,Getting Better,The Beatles
1294994238,Getting Better,The Beatles
1294994238,Getting Better,The Beatles
1294994394,Fixing a Hole,The Beatles
1294994394,Fixing a Hole,The Beatles
1294994394,Fixing a Hole,The Beatles
1294994394,Fixing a Hole,The Beatles
1294994609,She's Leaving Home,The Beatles
1294994609,She's Leaving Home,The Beatles
1294994609,She's Leaving Home,The Beatles
1294994609,She's Leaving Home,The Beatles
1294994767,Being for the Benefit of Mr. Kite!,The Beatles
1294994767,Being for the Benefit of Mr. Kite!,The Beatles
1294994767,Being for the Benefit of Mr. Kite!,The Beatles
1294994767,Being for the Benefit of Mr. Kite!,The Beatles
1295054625,I Am the Walrus,The Beatles
1295055960,Tell Me Why,The Beatles
1295058570,I'll Be Back,The Beatles
1295145085,I Am the Walrus,The Beatles
1295146421,Tell Me Why,The Beatles
1295149028,I'll Be Back,The Beatles
1295357876,A Hard Day's Night,The Beatles
1295358030,I Should Have Known Better,The Beatles
1295358193,If I Fell,The Beatles
1295358333,I'm Happy Just to Dance with You,The Beatles
1295358449,And I Love Her,The Beatles
1295358599,Tell Me Why,The Beatles
1295358727,Can't Buy Me Love,The Beatles
1295358859,Any Time at All,The Beatles
1295358990,I'll Cry Instead,The Beatles
1295359097,Things We Said Today,The Beatles
1295359252,When I Get Home,The Beatles
1295359388,You Can't Do That,The Beatles
1295359543,I'll Be Back,The Beatles
1295518210,Back in the U.S.S.R.,The Beatles
1295518373,Dear Prudence,The Beatles
1295518610,Glass Onion,The Beatles
1295518747,"Ob-La-Di, Ob-La-Da",The Beatles
1295518936,Wild Honey Pie,The Beatles
1295518997,The Continuing Story of Bungalow Bill,The Beatles
1295519183,While My Guitar Gently Weeps,The Beatles
1295519469,Happiness Is a Warm Gun,The Beatles
1295519632,Martha My Dear,The Beatles
1295519781,I'm So Tired,The Beatles
1295519904,Blackbird,The Beatles
1295520042,Piggies,The Beatles
1295520167,Rocky Raccoon,The Beatles
1295520388,Don't Pass Me By,The Beatles
1295520610,Why Don't We Do It in the Road,The Beatles
1295520711,I Will,The Beatles
1295520817,Julia,The Beatles
1295520992,Birthday,The Beatles
1295521155,Yer Blues,The Beatles
1295521396,Mother Nature's Son,The Beatles
1295521564,Everybody's Got Something to Hide Except Me and My Monkey,The Beatles
1295521709,Sexy Sadie,The Beatles
1295521904,Helter Skelter,The Beatles
1295522174,"Long, Long, Long",The Beatles
1295522359,Revolution 1,The Beatles
1295522616,Honey Pie,The Beatles
1295522776,Savoy Truffle,The Beatles
1295522951,Cry Baby Cry,The Beatles
1295523142,Revolution 9,The Beatles
1295523635,Good Night,The Beatles
1295523827,A Hard Day's Night,The Beatles
1295523981,I Should Have Known Better,The Beatles
1295524144,If I Fell,The Beatles
1295524283,I'm Happy Just to Dance with You,The Beatles
1295524399,And I Love Her,The Beatles
1295524549,Tell Me Why,The Beatles
1295524678,Can't Buy Me Love,The Beatles
1295524809,Any Time at All,The Beatles
1295524941,I'll Cry Instead,The Beatles
1295525047,Things We Said Today,The Beatles
1295525202,When I Get Home,The Beatles
1295525339,You Can't Do That,The Beatles
1295525494,I'll Be Back,The Beatles
1295525638,Help!,The Beatles
1295525777,The Night Before,The Beatles
1295525932,You've Got to Hide Your Love Away,The Beatles
1295526061,I Need You,The Beatles
1295526210,Another Girl,The Beatles
1295526335,You're Going to Lose That Girl,The Beatles
1295526474,Ticket to Ride,The Beatles
1295526664,Act Naturally,The Beatles
1295526814,It's Only Love,The Beatles
1295526931,You Like Me Too Much,The Beatles
1295527087,Tell Me What You See,The Beatles
1295527245,I've Just Seen a Face,The Beatles
1295527370,Yesterday,The Beatles
1295527496,Dizzy Miss Lizzy,The Beatles
1295527672,Magical Mystery Tour,The Beatles
1295527842,The Fool on the Hill,The Beatles
1295528021,Flying,The Beatles
1295528157,Blue Jay Way,The Beatles
1295528392,Your Mother Should Know,The Beatles
1295528540,I Am the Walrus,The Beatles
1295528816,Hello Goodbye,The Beatles
1295529025,Strawberry Fields Forever,The Beatles
1295529272,Penny Lane,The Beatles
1295529456,Baby You're a Rich Man,The Beatles
1295529635,All You Need Is Love,The Beatles
1295529865,Sgt Peppers Lonely Hearts Club Band,The Beatles
1295529988,With a Little Help from My Friends,The Beatles
1295530152,Lucy in the Sky with Diamonds,The Beatles
1295530361,Getting Better,The Beatles
1295530529,Fixing a Hole,The Beatles
1295530686,She's Leaving Home,The Beatles
1295530901,Being for the Benefit of Mr. Kite!,The Beatles
1295531058,Within You Without You,The Beatles
1295531363,When I'm Sixty-Four,The Beatles
1295531520,Lovely Rita,The Beatles
1295531683,Good Morning Good Morning,The Beatles
1295531844,Sgt Peppers..(Reprise),The Beatles
1295531923,A Day in the Life,The Beatles
1295532260,Yellow Submarine,The Beatles
1295532420,Only a Northern Song,The Beatles
1295532625,All Together Now,The Beatles
1295532755,Hey Bulldog,The Beatles
1295532946,It's All Too Much,The Beatles
1295533332,All You Need Is Love,The Beatles
1295533563,Pepperland,The Beatles
1295533703,Sea of Time,The Beatles
1295533884,Sea of Holes,The Beatles
1295534021,Sea of Monsters,The Beatles
1295534237,March of the Meanies,The Beatles
1295534376,Pepperland Laid Waste,The Beatles
1295534509,Yellow Submarine in Pepperland,The Beatles
1298960647,All Together Now,The Beatles
1300014941,Come Together,The Beatles
1300015124,Something,The Beatles
1300015331,Maxwell's Silver Hammer,The Beatles
1300015538,Oh! Darling,The Beatles
1300015709,Octopus's Garden,The Beatles
1300016176,I Want You (She's So Heavy),The Beatles
1300016362,Here Comes the Sun,The Beatles
1300016527,Because,The Beatles
1300016769,You Never Give Me Your Money,The Beatles
1301666677,Come Together,The Beatles
1301666860,Something,The Beatles
1301667110,Maxwell's Silver Hammer,The Beatles
1301667316,Oh! Darling,The Beatles
1301667487,Octopus's Garden,The Beatles
1301667955,I Want You (She's So Heavy),The Beatles
1301668140,Here Comes the Sun,The Beatles
1301668305,Because,The Beatles
1301668548,You Never Give Me Your Money,The Beatles
1301668694,Sun King,The Beatles
1301804313,Drive My Car,The Beatles
1301804463,Norwegian Wood (The Bird Has Flown),The Beatles
1301804587,You Won't See Me,The Beatles
1301804787,Nowhere Man,The Beatles
1301804951,Think for Yourself,The Beatles
1301805089,The Word,The Beatles
1301805252,Michelle,The Beatles
1301805535,Two of Us,The Beatles
1301805752,Dig a Pony,The Beatles
1301805987,Across the Universe,The Beatles
1301806215,I Me Mine,The Beatles
1301806361,Dig It,The Beatles
1301806411,Let It Be,The Beatles
1301806654,Maggie Mae,The Beatles
1301806694,I've Got a Feeling,The Beatles
1301806912,One After 909,The Beatles
1301807086,The Long and Winding Road,The Beatles
1301807304,For You Blue,The Beatles
1301807456,Get Back,The Beatles
1301807647,Magical Mystery Tour,The Beatles
1301807819,The Fool on the Hill,The Beatles
1301807995,Flying,The Beatles
1301808131,Blue Jay Way,The Beatles
1301808365,Your Mother Should Know,The Beatles
1301808514,I Am the Walrus,The Beatles
1301808790,Hello Goodbye,The Beatles
1301808998,Strawberry Fields Forever,The Beatles
1301809246,Penny Lane,The Beatles
1301809426,Baby You're a Rich Man,The Beatles
1301809608,All You Need Is Love,The Beatles
1301809851,A Hard Day's Night,The Beatles
1301810005,I Should Have Known Better,The Beatles
1301810168,If I Fell,The Beatles
1301810308,I'm Happy Just to Dance with You,The Beatles
1301810424,And I Love Her,The Beatles
1301810574,Tell Me Why,The Beatles
1301810702,Can't Buy Me Love,The Beatles
1301810834,Any Time at All,The Beatles
1301810965,I'll Cry Instead,The Beatles
1301811071,Things We Said Today,The Beatles
1301811227,When I Get Home,The Beatles
1301811363,You Can't Do That,The Beatles
1301811518,I'll Be Back,The Beatles
1301811662,Help!,The Beatles
1301811802,The Night Before,The Beatles
1301879117,Magical Mystery Tour,The Beatles
1301879117,Magical Mystery Tour,The Beatles
1301879296,The Fool on the Hill,The Beatles
1301879296,The Fool on the Hill,The Beatles
1301879431,Flying,The Beatles
1301879431,Flying,The Beatles
1301879666,Blue Jay Way,The Beatles
1301879666,Blue Jay Way,The Beatles
1301879815,Your Mother Should Know,The Beatles
1301879815,Your Mother Should Know,The Beatles
1301880452,I Am the Walrus,The Beatles
1301880452,I Am the Walrus,The Beatles
1301880822,Hello Goodbye,The Beatles
1301880822,Hello Goodbye,The Beatles
1301881069,Strawberry Fields Forever,The Beatles
1301881069,Strawberry Fields Forever,The Beatles
1301881069,Strawberry Fields Forever,The Beatles
1301881261,Penny Lane,The Beatles
1301881261,Penny Lane,The Beatles
1301894045,Baby You're a Rich Man,The Beatles
1301894045,Baby You're a Rich Man,The Beatles
1301894276,All You Need Is Love,The Beatles
1301894276,All You Need Is Love,The Beatles
1301894458,Sgt Peppers Lonely Hearts Club Band,The Beatles
1301894622,With a Little Help from My Friends,The Beatles
1301895091,Lucy in the Sky with Diamonds,The Beatles
1301895259,Getting Better,The Beatles
1301895636,Fixing a Hole,The Beatles
1301895851,She's Leaving Home,The Beatles
1301896008,Being for the Benefit of Mr. Kite!,The Beatles
1301897209,When I'm Sixty-Four,The Beatles
1301897371,Lovely Rita,The Beatles
1301897532,Good Morning Good Morning,The Beatles
1301897788,Sgt Peppers..(Reprise),The Beatles
1301898683,A Day in the Life,The Beatles
1301899037,Drive My Car,The Beatles
1301899162,Norwegian Wood (The Bird Has Flown),The Beatles
1301899362,You Won't See Me,The Beatles
1301899525,Nowhere Man,The Beatles
1301899683,Think for Yourself,The Beatles
1301899973,The Word,The Beatles
1301900136,Michelle,The Beatles
1301900304,What Goes On,The Beatles
1301900639,Girl,The Beatles
1301900785,I'm Looking Through You,The Beatles
1301982952,Magical Mystery Tour,The Beatles
1301983131,The Fool on the Hill,The Beatles
1301983266,Flying,The Beatles
1301983596,Your Mother Should Know,The Beatles
1301984074,I Am the Walrus,The Beatles
1301984372,Hello Goodbye,The Beatles
1301984664,Strawberry Fields Forever,The Beatles
1301984845,Penny Lane,The Beatles
1301985027,Baby You're a Rich Man,The Beatles
1301985429,All You Need Is Love,The Beatles
1301986034,I Saw Her Standing There,The Beatles
1301986143,Misery,The Beatles
1301986320,Anna (Go to Him),The Beatles
1301986465,Chains,The Beatles
1301986611,Boys,The Beatles
1301986858,Ask Me Why,The Beatles
1301987153,Please Please Me,The Beatles
1301987294,Love Me Do,The Beatles
1301987419,P.S. I Love You,The Beatles
1301987579,Baby It's You,The Beatles
1301987817,Do You Want to Know a Secret,The Beatles
1301987940,A Taste of Honey,The Beatles
1301988051,There's a Place,The Beatles
1301988206,Twist and Shout,The Beatles
1301988508,Taxman,The Beatles
1301988636,Eleanor Rigby,The Beatles
1301988817,I'm Only Sleeping,The Beatles
1301989149,"Here, There and Everywhere",The Beatles
1301989309,Yellow Submarine,The Beatles
1301989466,She Said She Said,The Beatles
1301989596,Good Day Sunshine,The Beatles
1301989718,And Your Bird Can Sing,The Beatles
1301989839,For No One,The Beatles
1301989975,Doctor Robert,The Beatles
1301990124,I Want to Tell You,The Beatles
1301990275,Got to Get You Into My Life,The Beatles
1301991108,Tomorrow Never Knows,The Beatles
1304688792,Magical Mystery Tour,The Beatles
1304688971,The Fool on the Hill,The Beatles
1304689107,Flying,The Beatles
1304689342,Blue Jay Way,The Beatles
1304689490,Your Mother Should Know,The Beatles
1304689766,I Am the Walrus,The Beatles
1304689975,Hello Goodbye,The Beatles
1304690222,Strawberry Fields Forever,The Beatles
1304690403,Penny Lane,The Beatles
1304690584,Baby You're a Rich Man,The Beatles
1304690814,All You Need Is Love,The Beatles
1306275807,Come Together,The Beatles
1306275990,Something,The Beatles
1306276198,Maxwell's Silver Hammer,The Beatles
1306276404,Oh! Darling,The Beatles
1306276575,Octopus's Garden,The Beatles
1306277042,I Want You (She's So Heavy),The Beatles
1306277228,Here Comes the Sun,The Beatles
1306277393,Because,The Beatles
1306277636,You Never Give Me Your Money,The Beatles
1307155617,Come Together,The Beatles
1307155766,Norwegian Wood (The Bird Has Flown),The Beatles
1307155891,You Won't See Me,The Beatles
1307156091,Nowhere Man,The Beatles
1307156255,Think for Yourself,The Beatles
1307156393,The Word,The Beatles
1307167984,Drive My Car,The Beatles
1307168109,Norwegian Wood (The Bird Has Flown),The Beatles
1307168309,You Won't See Me,The Beatles
1307168473,Nowhere Man,The Beatles
1307168611,Think for Yourself,The Beatles
1307168774,The Word,The Beatles
1307168937,Michelle,The Beatles
1307169105,What Goes On,The Beatles
1307169257,Girl,The Beatles
1307169403,I'm Looking Through You,The Beatles
1307169550,In My Life,The Beatles
1307169684,Wait,The Beatles
1307169826,If I Needed Someone,The Beatles
1307169968,Run for Your Life,The Beatles
1308297676,Bad Boy,The Beatles
1328593664,Eleanor Rigby (4centers Dubstep Remixxx),The Beatles
1333157506,Back in the U.S.S.R.,The Beatles
1333157669,Dear Prudence,The Beatles
1333157906,Glass Onion,The Beatles
1333158043,"Ob-La-Di, Ob-La-Da",The Beatles
1333158232,Wild Honey Pie,The Beatles
1333158293,The Continuing Story of Bungalow Bill,The Beatles
1333158479,While My Guitar Gently Weeps,The Beatles
1333158764,Happiness Is a Warm Gun,The Beatles
1333158928,Martha My Dear,The Beatles
1333159077,I'm So Tired,The Beatles
1333159200,Blackbird,The Beatles
1333159338,Piggies,The Beatles
1333159462,Rocky Raccoon,The Beatles
1333159684,Don't Pass Me By,The Beatles
1333159906,Why Don't We Do It in the Road,The Beatles
1333160007,I Will,The Beatles
1333160113,Julia,The Beatles
1333160288,Birthday,The Beatles
1333160450,Yer Blues,The Beatles
1333160691,Mother Nature's Son,The Beatles
1333160860,Everybody's Got Something to Hide Except Me and My Monkey,The Beatles
1333161005,Sexy Sadie,The Beatles
1333161200,Helter Skelter,The Beatles
1333161470,"Long, Long, Long",The Beatles
1333161654,Revolution 1,The Beatles
1333161910,Honey Pie,The Beatles
1333162071,Savoy Truffle,The Beatles
1333162246,Cry Baby Cry,The Beatles
1333162672,Back in the U.S.S.R.,The Beatles
1333164813,Strawberry Fields Forever,The Beatles
1333240678,Back in the U.S.S.R.,The Beatles
1333242819,Strawberry Fields Forever,The Beatles
1337497725,Taxman,The Beatles
1337497885,Eleanor Rigby,The Beatles
1337498012,I'm Only Sleeping,The Beatles
1337498194,Love You To,The Beatles
1337498375,"Here, There and Everywhere",The Beatles
1337498521,Yellow Submarine,The Beatles
1337498682,She Said She Said,The Beatles
1337498839,Good Day Sunshine,The Beatles
1337498969,And Your Bird Can Sing,The Beatles
1337499090,For No One,The Beatles
1337499212,Doctor Robert,The Beatles
1337499347,I Want to Tell You,The Beatles
1337499497,Got to Get You Into My Life,The Beatles
1337499648,Tomorrow Never Knows,The Beatles
1337500528,Sgt Peppers Lonely Hearts Club Band,The Beatles
1337500651,With a Little Help from My Friends,The Beatles
1337500815,Lucy in the Sky with Diamonds,The Beatles
1337501024,Getting Better,The Beatles
1337501192,Fixing a Hole,The Beatles
1337501349,She's Leaving Home,The Beatles
1337501564,Being for the Benefit of Mr. Kite!,The Beatles
1337501721,Within You Without You,The Beatles
1337502026,When I'm Sixty-Four,The Beatles
1337502184,Lovely Rita,The Beatles
1337502346,Good Morning Good Morning,The Beatles
1337502507,Sgt Peppers..(Reprise),The Beatles
1337502586,A Day in the Life,The Beatles
1364899057,Back in the U.S.S.R.,The Beatles
1364899220,Dear Prudence,The Beatles
1364899456,Glass Onion,The Beatles
1364899594,"Ob-La-Di, Ob-La-Da",The Beatles
1364899783,Wild Honey Pie,The Beatles
1364899844,The Continuing Story of Bungalow Bill,The Beatles
1364900030,While My Guitar Gently Weeps,The Beatles
1364900315,Happiness Is a Warm Gun,The Beatles
1364900479,Martha My Dear,The Beatles
1364900628,I'm So Tired,The Beatles
1364900751,Blackbird,The Beatles
1364900889,Piggies,The Beatles
1364901013,Rocky Raccoon,The Beatles
1364901235,Don't Pass Me By,The Beatles
1364901457,Why Don't We Do It in the Road,The Beatles
1364901558,I Will,The Beatles
1364901664,Julia,The Beatles
1364901838,Birthday,The Beatles
1364902001,Yer Blues,The Beatles
1364902242,Mother Nature's Son,The Beatles
1364902410,Everybody's Got Something to Hide Except Me and My Monkey,The Beatles
1364902555,Sexy Sadie,The Beatles
1364902750,Helter Skelter,The Beatles
1364903020,"Long, Long, Long",The Beatles
1364903205,Revolution 1,The Beatles
1364903460,Honey Pie,The Beatles
1364903622,Savoy Truffle,The Beatles
1364903796,Cry Baby Cry,The Beatles
1364903987,Revolution 9,The Beatles
1364904480,Good Night,The Beatles
1364906289,A Hard Day's Night,The Beatles
1364906444,I Should Have Known Better,The Beatles
1364906607,If I Fell,The Beatles
1364906746,I'm Happy Just to Dance with You,The Beatles
1364906862,And I Love Her,The Beatles
1364907012,Tell Me Why,The Beatles
1364907141,Can't Buy Me Love,The Beatles
1364907272,Any Time at All,The Beatles
1364907404,I'll Cry Instead,The Beatles
1364907510,Things We Said Today,The Beatles
1364907665,When I Get Home,The Beatles
1364907801,You Can't Do That,The Beatles
1364907956,I'll Be Back,The Beatles
1364908731,Help!,The Beatles
1364908871,The Night Before,The Beatles
1364909026,You've Got to Hide Your Love Away,The Beatles
1364909155,I Need You,The Beatles
1364909304,Another Girl,The Beatles
1364909429,You're Going to Lose That Girl,The Beatles
1364909568,Ticket to Ride,The Beatles
1364909758,Act Naturally,The Beatles
1364909908,It's Only Love,The Beatles
1364910024,You Like Me Too Much,The Beatles
1364910181,Tell Me What You See,The Beatles
1364910339,I've Just Seen a Face,The Beatles
1364910464,Yesterday,The Beatles
1364910590,Dizzy Miss Lizzy,The Beatles
1364910868,Two of Us,The Beatles
1364911085,Dig a Pony,The Beatles
1364911320,Across the Universe,The Beatles
1364911548,I Me Mine,The Beatles
1364911694,Dig It,The Beatles
1364911744,Let It Be,The Beatles
1364911987,Maggie Mae,The Beatles
1364912027,I've Got a Feeling,The Beatles
1364912245,One After 909,The Beatles
1364912419,The Long and Winding Road,The Beatles
1364912637,For You Blue,The Beatles
1364912789,Get Back,The Beatles
1367836285,Back in the U.S.S.R.,The Beatles
1367836448,Dear Prudence,The Beatles
1367836685,Glass Onion,The Beatles
1367836823,"Ob-La-Di, Ob-La-Da",The Beatles
1367837012,Wild Honey Pie,The Beatles
1367837073,The Continuing Story of Bungalow Bill,The Beatles
1367837258,While My Guitar Gently Weeps,The Beatles
1367837544,Happiness Is a Warm Gun,The Beatles
1367837707,Martha My Dear,The Beatles
1367837856,I'm So Tired,The Beatles
1367837979,Blackbird,The Beatles
1367838117,Piggies,The Beatles
1367838242,Rocky Raccoon,The Beatles
1367838463,Don't Pass Me By,The Beatles
1367838685,Why Don't We Do It in the Road,The Beatles
1367838786,I Will,The Beatles
1367838892,Julia,The Beatles
1367839067,Birthday,The Beatles
1367839229,Yer Blues,The Beatles
1367839471,Mother Nature's Son,The Beatles
1367839639,Everybody's Got Something to Hide Except Me and My Monkey,The Beatles
1367839783,Sexy Sadie,The Beatles
1367839979,Helter Skelter,The Beatles
1367840249,"Long, Long, Long",The Beatles
1367840433,Revolution 1,The Beatles
1367840689,Honey Pie,The Beatles
1367840850,Savoy Truffle,The Beatles
1367841025,Cry Baby Cry,The Beatles
1367841317,Good Night,The Beatles
1367843269,Come Together,The Beatles
1367843530,Something,The Beatles
1367843713,Maxwell's Silver Hammer,The Beatles
1367843920,Oh! Darling,The Beatles
1367844127,Octopus's Garden,The Beatles
1367844298,I Want You (She's So Heavy),The Beatles
1367844765,Here Comes the Sun,The Beatles
1367844950,Because,The Beatles
1367845116,You Never Give Me Your Money,The Beatles
1367845358,Sun King,The Beatles
1367845504,Mean Mr. Mustard,The Beatles
1367845571,Polythene Pam,The Beatles
1367845643,She Came in Through the Bathroom Window,The Beatles
1367845761,Golden Slumbers,The Beatles
1367845852,Carry That Weight,The Beatles
1367845949,The End,The Beatles
1368844283,I Saw Her Standing There,The Beatles
1369461877,Twist and Shout,The Beatles
1370745540,No Reply,The Beatles
1370745676,I'm a Loser,The Beatles
1370745826,Baby's in Black,The Beatles
1370745951,Rock and Roll Music,The Beatles
1370746102,I'll Follow the Sun,The Beatles
1370746211,Mr. Moonlight,The Beatles
1370746369,"Medley: a. Kansas City b. Hey, Hey, Hey, Hey",The Beatles
1375959139,Sure to Fall,The Beatles
1376945724,She Loves You,The Beatles
1377904541,Taxman,The Beatles
1377904701,Eleanor Rigby,The Beatles
1377904828,I'm Only Sleeping,The Beatles
1377905010,Love You To,The Beatles
1377905191,"Here, There and Everywhere",The Beatles
1377905337,Yellow Submarine,The Beatles
1377905497,She Said She Said,The Beatles
1377905654,Good Day Sunshine,The Beatles
1377905784,And Your Bird Can Sing,The Beatles
1377905906,For No One,The Beatles
1377906028,Doctor Robert,The Beatles
1377906163,I Want to Tell You,The Beatles
1377906313,Got to Get You Into My Life,The Beatles
1377906463,Tomorrow Never Knows,The Beatles
1377999723,Taxman,The Beatles
1377999883,Eleanor Rigby,The Beatles
1378000011,I'm Only Sleeping,The Beatles
1378000192,Love You To,The Beatles
1378000373,"Here, There and Everywhere",The Beatles
1378000519,Yellow Submarine,The Beatles
1378000680,She Said She Said,The Beatles
1378000837,Good Day Sunshine,The Beatles
1378000967,And Your Bird Can Sing,The Beatles
1378001088,For No One,The Beatles
1378001210,Doctor Robert,The Beatles
1378001345,I Want to Tell You,The Beatles
1378001495,Got to Get You Into My Life,The Beatles
1378001646,Tomorrow Never Knows,The Beatles
1378013421,Drive My Car,The Beatles
1378013571,Norwegian Wood (The Bird Has Flown),The Beatles
1378013695,You Won't See Me,The Beatles
1378013895,Nowhere Man,The Beatles
1378014059,Think for Yourself,The Beatles
1378014197,The Word,The Beatles
1378014360,Michelle,The Beatles
1378014523,What Goes On,The Beatles
1378014691,Girl,The Beatles
1378014843,I'm Looking Through You,The Beatles
1378014989,In My Life,The Beatles
1378015136,Wait,The Beatles
1378015270,If I Needed Someone,The Beatles
1378015413,Run for Your Life,The Beatles
1378039320,Drive My Car,The Beatles
1378039469,Norwegian Wood (The Bird Has Flown),The Beatles
1378039593,You Won't See Me,The Beatles
1378039793,Nowhere Man,The Beatles
1378039957,Think for Yourself,The Beatles
1378040095,The Word,The Beatles
1378040258,Michelle,The Beatles
1378040421,What Goes On,The Beatles
1378040589,Girl,The Beatles
1378040741,I'm Looking Through You,The Beatles
1378040887,In My Life,The Beatles
1378041034,Wait,The Beatles
1378041168,If I Needed Someone,The Beatles
1378041310,Run for Your Life,The Beatles
1378110593,A Hard Day's Night,The Beatles
1378110748,I Should Have Known Better,The Beatles
1378110911,If I Fell,The Beatles
1378111050,I'm Happy Just to Dance with You,The Beatles
1378111167,And I Love Her,The Beatles
1378111316,Tell Me Why,The Beatles
1378111445,Can't Buy Me Love,The Beatles
1378111577,Any Time at All,The Beatles
1378111708,I'll Cry Instead,The Beatles
1378111814,Things We Said Today,The Beatles
1378111969,When I Get Home,The Beatles
1378112106,You Can't Do That,The Beatles
1378112261,I'll Be Back,The Beatles
1378117798,Back in the U.S.S.R.,The Beatles
1378117962,Dear Prudence,The Beatles
1378118199,Glass Onion,The Beatles
1378118336,"Ob-La-Di, Ob-La-Da",The Beatles
1378118525,Wild Honey Pie,The Beatles
1378118587,The Continuing Story of Bungalow Bill,The Beatles
1378118772,While My Guitar Gently Weeps,The Beatles
1378119057,Happiness Is a Warm Gun,The Beatles
1378119221,Martha My Dear,The Beatles
1378119370,I'm So Tired,The Beatles
1378119493,Blackbird,The Beatles
1378119631,Piggies,The Beatles
1378119755,Rocky Raccoon,The Beatles
1378119977,Don't Pass Me By,The Beatles
1378120199,Why Don't We Do It in the Road,The Beatles
1378120300,I Will,The Beatles
1378120406,Julia,The Beatles
1378120580,Birthday,The Beatles
1378120743,Yer Blues,The Beatles
1379321586,Come Together,The Beatles
1379321847,Something,The Beatles
1379322029,Maxwell's Silver Hammer,The Beatles
1379322237,Oh! Darling,The Beatles
1379322443,Octopus's Garden,The Beatles
1379322614,I Want You (She's So Heavy),The Beatles
1379323083,Here Comes the Sun,The Beatles
1379323268,Because,The Beatles
1379323434,You Never Give Me Your Money,The Beatles
1379323676,Sun King,The Beatles
1379323822,Mean Mr. Mustard,The Beatles
1379323888,Polythene Pam,The Beatles
1379323961,She Came in Through the Bathroom Window,The Beatles
1379324079,Golden Slumbers,The Beatles
1379324170,Carry That Weight,The Beatles
1379324267,The End,The Beatles
1379326548,Back in the U.S.S.R.,The Beatles
1379326712,Dear Prudence,The Beatles
1379326948,Glass Onion,The Beatles
1379327086,"Ob-La-Di, Ob-La-Da",The Beatles
1379327275,Wild Honey Pie,The Beatles
1379327336,The Continuing Story of Bungalow Bill,The Beatles
1379327522,While My Guitar Gently Weeps,The Beatles
1379327807,Happiness Is a Warm Gun,The Beatles
1379327971,Martha My Dear,The Beatles
1379328120,I'm So Tired,The Beatles
1379328243,Blackbird,The Beatles
1379328381,Piggies,The Beatles
1379328505,Rocky Raccoon,The Beatles
1379328727,Don't Pass Me By,The Beatles
1379328949,Why Don't We Do It in the Road,The Beatles
1379329050,I Will,The Beatles
1379329156,Julia,The Beatles
1379329330,Birthday,The Beatles
1379329493,Yer Blues,The Beatles
1379329734,Mother Nature's Son,The Beatles
1379329902,Everybody's Got Something to Hide Except Me and My Monkey,The Beatles
1379330047,Sexy Sadie,The Beatles
1379330242,Helter Skelter,The Beatles
1379330512,"Long, Long, Long",The Beatles
1379330697,Revolution 1,The Beatles
1379330952,Honey Pie,The Beatles
1379331114,Savoy Truffle,The Beatles
1379331288,Cry Baby Cry,The Beatles
1379331479,Revolution 9,The Beatles
1380280200,Come Together,The Beatles
1380280461,Something,The Beatles
1380280644,Maxwell's Silver Hammer,The Beatles
1380280851,Oh! Darling,The Beatles
1380281058,Octopus's Garden,The Beatles
1380281229,I Want You (She's So Heavy),The Beatles
1380281696,Here Comes the Sun,The Beatles
1380281881,Because,The Beatles
1387537789,Come Together,The Beatles
1387538050,Something,The Beatles
1387538232,Maxwell's Silver Hammer,The Beatles
1387538440,Oh! Darling,The Beatles
1387538646,Octopus's Garden,The Beatles
1387538846,Here Comes the Sun,The Beatles
1387539032,Because,The Beatles
1387539197,You Never Give Me Your Money,The Beatles
1387539668,Sun King,The Beatles
1387539814,Mean Mr. Mustard,The Beatles
1387539881,Polythene Pam,The Beatles
1387539953,She Came in Through the Bathroom Window,The Beatles
1387540071,Golden Slumbers,The Beatles
1387540162,Carry That Weight,The Beatles
1387540274,The End,The Beatles
1394606575,Twist & Shout,The Beatles
1409902273,Across The Universe,The Beatles Symphony Orchestra
1409902542,All I've Got To Do,The Beatles Symphony Orchestra
1429669906,All You Need is Love (Love Version),The Beatles
1429684612,Strawberry Fields Forever (Love Version),The Beatles
1429685384,Something / Blue Jay Way (Transition) (Love Version),The Beatles
1429701222,Yesterday,The Beatles
1429701922,Lady Madonna,The Beatles
1429702609,Help!,The Beatles
1429703325,Day Tripper,The Beatles
1429752544,A Day in the Life (Love Version),The Beatles
1430207665,Norwegian Wood (This Bird Has Flown),The Beatles
1430352317,When I'm Sixty-Four,The Beatles
1430353212,Got to Get You Into My Life,The Beatles
1430354086,Across the Universe,The Beatles
1430355003,"Here, There and Everywhere",The Beatles
1430362932,Love Me Do,The Beatles
1430364426,Golden Slumbers,The Beatles
1430365113,Lucy in the Sky with Diamonds,The Beatles
1430368645,Girl,The Beatles
1430374187,Things We Said Today,The Beatles
1430785407,Help! (Love Version),The Beatles
1430791006,Twist and Shout,The Beatles
1430796628,Eleanor Rigby,The Beatles
1430797770,Here Comes the Sun,The Beatles
1430802437,"Ob-La-Di, Ob-La-Da",The Beatles
1430808624,Eleanor Rigby / Julia (Transition) (Love Version),The Beatles
1430809675,Hey Jude (Love Version),The Beatles
1430813794,Get Back,The Beatles
1430903921,You've Got to Hide Your Love Away,The Beatles
1430908557,Blackbird,The Beatles
1430910396,In My Life,The Beatles
1430915638,Blackbird (Demo),The Beatles
1430916529,I Will,The Beatles
1431574584,Lucy in the Sky with Diamonds,The Beatles
1432015014,We Can Work It Out,The Beatles
1432017414,You've Got to Hide Your Love Away,The Beatles
1432026893,Eleanor Rigby / Julia (Transition) (Love Version),The Beatles
1432258534,I Feel Fine,The Beatles
1432260625,Do You Want to Know a Secret,The Beatles
1432262122,Penny Lane,The Beatles
1432262933,Here Comes the Sun (Remastered),The Beatles
1432269409,Things We Said Today,The Beatles
1432271540,No Reply,The Beatles
1432272905,Help!,The Beatles
1432274150,Yesterday (Demo),The Beatles
1432280661,Let It Be (Demo),The Beatles
1432283219,I'm Looking Through You,The Beatles
1432283893,Get Back,The Beatles
1432285208,Penny Lane (Demo),The Beatles
1432291980,I Saw Her Standing There (Demo),The Beatles
1432294782,When I'm Sixty Four (Remastered),The Beatles
1432295579,I've Just Seen a Face,The Beatles
1432296707,I Feel Fine,The Beatles
1432303737,Do You Want to Know a Secret,The Beatles
1432305824,Here Comes the Sun (Remastered),The Beatles
1432306687,Penny Lane,The Beatles
1432308177,Till There Was You,The Beatles
1432315282,Things We Said Today,The Beatles
1432317334,No Reply,The Beatles
1432318192,Please Mr. Postman,The Beatles
1432319450,Help!,The Beatles
1432326536,Yesterday (Demo),The Beatles
1432327940,Something (Remastered),The Beatles
1432328891,Can't Buy Me Love,The Beatles
1432330780,You've Got To Hide Your Love Away (Demo),The Beatles
1432337969,Penny Lane (Demo),The Beatles
1432339435,All You Need Is Love,The Beatles
1432340247,Do You Want to Know a Secret,The Beatles
1432342319,I Feel Fine,The Beatles
1432349500,Here Comes the Sun (Remastered),The Beatles
1432350282,Penny Lane,The Beatles
1432351559,Things We Said Today,The Beatles
1432353642,No Reply,The Beatles
1432360746,Let It Be (Demo),The Beatles
1432361783,I've Just Seen a Face,The Beatles
1432363048,Help!,The Beatles
1432364668,Girl,The Beatles
1432372424,Do You Want to Know a Secret,The Beatles
1432373070,I Feel Fine,The Beatles
1432374345,Get Back,The Beatles
1432375789,Yesterday (Demo),The Beatles
1432383793,Here Comes the Sun (Remastered),The Beatles
1432384465,No Reply,The Beatles
1432386057,Things We Said Today,The Beatles
1432523410,Help!,The Beatles
1432524086,Do You Want to Know a Secret (Studio Outtake / Take 7),The Beatles
1432525739,Till There Was You,The Beatles
1432529975,I Should Have Known Better,The Beatles
1432533055,Lucy in the Sky with Diamonds,The Beatles
1432533929,Nowhere Man,The Beatles
1432536788,"Here, There and Everywhere",The Beatles
1432601984,Twist and Shout,The Beatles
1432602908,Hello Goodbye,The Beatles
1432608599,Come Together,The Beatles
1432610786,Hey Jude (Love Version),The Beatles
1432613758,Yesterday,The Beatles
1432617069,Eleanor Rigby (Remastered),The Beatles
1432693307,Here Comes the Sun,The Beatles
1432771728,I Should Have Known Better,The Beatles
1432773091,Because,The Beatles
1432774101,Eleanor Rigby / Julia (Transition) (Love Version),The Beatles
1432775026,Revolution 1,The Beatles
1432783264,Across the Universe (alt. version),The Beatles
1432784297,Twist and Shout,The Beatles
1432785265,I Am the Walrus,The Beatles
1432786402,Lucy in the Sky with Diamonds,The Beatles
1432794645,And I Love Her,The Beatles
1432795735,Lovely Rita,The Beatles
1432796640,Getting Better,The Beatles
1433315873,Can't Buy Me Love,The Beatles
1433379470,Lucy in the Sky with Diamonds,The Beatles
1433393308,She Loves You,The Beatles
1433395265,Don't Let Me Down,The Beatles
1433397290,Love Me Do,The Beatles
1433398892,Twist and Shout,The Beatles
1433484242,Help!,The Beatles
1433485446,Magical Mystery Tour,The Beatles
1433488305,Eleanor Rigby,The Beatles
1433738350,I Feel Fine,The Beatles
1433746079,Back in the U.S.S.R.,The Beatles
1433751908,Get Back,The Beatles
1433752692,I Want to Hold Your Hand,The Beatles
1433755027,Lovely Rita,The Beatles
1433760276,With a Little Help from My Friends,The Beatles
1433763496,Hello Goodbye,The Beatles
1433765570,Hey Jude,The Beatles
1433767655,Paperback Writer,The Beatles
1433777146,Help! (Love Version),The Beatles
1433779080,Can't Buy Me Love,The Beatles
1433780607,Eleanor Rigby / Julia (Transition) (Love Version),The Beatles
1433785360,Here Comes the Sun,The Beatles
1433789811,I Am the Walrus (Love Version),The Beatles
1433793283,Yellow Submarine,The Beatles
1433795118,Revolution (Love Version),The Beatles
1433796940,Strawberry Fields Forever,The Beatles
1433802687,You've Got to Hide Your Love Away,The Beatles
1433907117,Twist and Shout,The Beatles
1433910022,Something,The Beatles
1433912021,Blackbird,The Beatles
1433913146,All You Need is Love (Love Version),The Beatles
1433924761,I Should Have Known Better,The Beatles
1433926965,Love Me Do,The Beatles
1433981560,Let It Be (Demo),The Beatles
1433982424,Michelle,The Beatles
1434000662,Eleanor Rigby / Julia (Transition) (Love Version),The Beatles
1434002878,In My Life,The Beatles
1435042586,Blackbird (Demo),The Beatles
1435044067,Don't Let Me Down,The Beatles
1435046428,Lucy in the Sky with Diamonds,The Beatles
1435055445,I Will,The Beatles
1435056752,Hello Goodbye,The Beatles
1435065923,All You Need Is Love,The Beatles
1435067293,If I Fell,The Beatles
1435069478,Revolution,The Beatles
1435070957,Let It Be (Demo),The Beatles
1435083919,Help! (Love Version),The Beatles
1435088611,Across the Universe,The Beatles
1435093559,Strawberry Fields Forever (Love Version),The Beatles
1435095286,Getting Better,The Beatles
1435106868,Lucy in the Sky with Diamonds,The Beatles
1435113383,Hello Goodbye,The Beatles
1435114435,I Will,The Beatles
1435195761,"Hello, Goodbye (Demo)",The Beatles
1435197321,Yellow Submarine,The Beatles
1435207939,Good Day Sunshine,The Beatles
1435208885,Because,The Beatles
1435211038,Octopus's Garden,The Beatles
1435281554,Let It Be,The Beatles
1435282583,Penny Lane,The Beatles
1435284249,Day Tripper,The Beatles
1435301615,While My Guitar Gently Weeps,The Beatles
1435821069,Blackbird,The Beatles
1435845859,You've Got to Hide Your Love Away,The Beatles
1435889727,Blackbird,The Beatles
1437362569,In My Life,The Beatles
